{
  "pass@1": 0.009756097560975611,
  "pass@10": 0.04867411811174554,
  "pass@20": 0.07317073170731707
}