{
  "pass@1": 0.01707317073170732,
  "pass@10": 0.08644658030182457,
  "pass@20": 0.11585365853658537
}