{
  "pass@1": 0.015548780487804883,
  "pass@10": 0.06273851497743366,
  "pass@20": 0.07926829268292683
}