{
  "pass@1": 0.02743902439024391,
  "pass@10": 0.10065695084195424,
  "pass@20": 0.12804878048780488
}