{
  "pass@1": 0.021341463414634148,
  "pass@10": 0.10042351837545525,
  "pass@20": 0.13414634146341464
}