{
  "pass@1": 0.019817073170731708,
  "pass@10": 0.09650345029885164,
  "pass@20": 0.12195121951219512
}