{
    "epoch": 3.0,
    "eval_loss": 1.160731315612793,
    "eval_runtime": 838.7581,
    "eval_samples_per_second": 27.549,
    "eval_steps_per_second": 4.593,
    "total_flos": 1.0782121034578213e+18,
    "train_loss": 0.8814142619148572,
    "train_runtime": 167276.299,
    "train_samples_per_second": 7.392,
    "train_steps_per_second": 0.616
}