{
    "epoch": 3.0,
    "eval_loss": 1.160731315612793,
    "eval_runtime": 838.6219,
    "eval_samples_per_second": 27.554,
    "eval_steps_per_second": 4.593,
    "total_flos": 1.0782121034578213e+18,
    "train_loss": 0.8814142284866968,
    "train_runtime": 167893.1917,
    "train_samples_per_second": 7.365,
    "train_steps_per_second": 0.614
}