{
  "pass@1": 0.021951219512195124,
  "pass@10": 0.10791513949314296,
  "pass@20": 0.1402439024390244
}