{
  "pass@1": 0.023475609756097564,
  "pass@10": 0.11310946566836472,
  "pass@20": 0.15853658536585366
}