{
  "pass@1": 0.0003048780487804881,
  "pass@10": 0.003048780487804878,
  "pass@20": 0.006097560975609756
}