{
  "pass@1": 0.029268292682926834,
  "pass@10": 0.1184830988689631,
  "pass@20": 0.14634146341463414
}