{
  "job_id": "491248",
  "total_samples": 16400,
  "avg_time_per_sample": 19.84923218911741,
  "total_time": 325527.4079015255,
  "throughput": 0.05037978247583111,
  "model_size_mb": 16060.523652,
  "num_tasks": 164,
  "samples_per_task": 100
}