{
  "job_id": "500524",
  "total_samples": 16400,
  "avg_time_per_sample": 0.0,
  "total_time": 43202.51696872711,
  "throughput": 0.37960751249450175,
  "num_tasks": 164,
  "samples_per_task": 100
}