{
  "job_id": "492103",
  "total_samples": 16400,
  "avg_time_per_sample": 7.647663742027631,
  "total_time": 125421.68536925316,
  "throughput": 0.13075888712320255,
  "model_size_mb": 16060.523648,
  "num_tasks": 164,
  "samples_per_task": 100
}